{"data_time": 13.150870399999999, "iteration": 0, "lr": 0.0001, "rank_data_time": 13.150870399999999, "total_loss": 1.8077629804611206, "train_acc": 37.5}
{"data_time": 13.114197099999998, "iteration": 0, "lr": 0.0001, "rank_data_time": 13.114197099999998, "total_loss": 1.8077633380889893, "train_acc": 37.5}
{"iteration": 0, "train_acc": 37.5}
{"data_time": 0.0012821500000015362, "eta_seconds": 1344.3759079999786, "iteration": 99, "lr": 0.0001, "rank_data_time": 0.0012821500000015362, "time": 0.08292074999999599, "total_loss": 1.7598984837532043}
{"data_time": 0.001302600000002485, "eta_seconds": 1336.3386689999704, "iteration": 199, "lr": 0.019992376787038867, "rank_data_time": 0.001302600000002485, "time": 0.08393600000000134, "total_loss": 1.3381035327911377}
{"data_time": 0.03201810000000904, "eta_seconds": 1333.0312039999292, "iteration": 299, "lr": 0.01998279301124501, "rank_data_time": 0.03201810000000904, "time": 0.13008354999999483, "total_loss": 1.2529288530349731}
{"iteration": 0, "train_acc": 23.4375}
{"data_time": 0.1534412500000073, "eta_seconds": 6208.066090000042, "iteration": 99, "lr": 0.0001, "rank_data_time": 0.1534412500000073, "time": 0.39569689999999724, "total_loss": 1.9819654822349548}
{"data_time": 0.16152604999999198, "eta_seconds": 6149.597518499963, "iteration": 199, "lr": 0.019992376787038867, "rank_data_time": 0.16152604999999198, "time": 0.3894323999999898, "total_loss": 1.474642038345337}
{"data_time": 0.1545663999999931, "eta_seconds": 6136.076996500035, "iteration": 299, "lr": 0.01998279301124501, "rank_data_time": 0.1545663999999931, "time": 0.40640969999999754, "total_loss": 1.2620458602905273}
{"data_time": 0.12373675000000617, "eta_seconds": 6136.676219399944, "iteration": 387, "rank_data_time": 0.12373675000000617, "total_loss": 1.1756543517112732}
{"iteration": 386, "lr": 0.019971328259780124, "time": 0.4091814500000055}
{"N_B_300W": 0.543036441370756, "N_B_AFLW": 0.17874964200377141, "N_B_COFW": 0.6126138494012756, "N_B_WFLW": 0.5768895916875902, "data_time": 1.1156332999999847, "eta_seconds": 171359.50303500035, "iteration": 99, "loss_ce": 1.1515141725540161, "loss_ce_land": 14.659648895263672, "loss_dice": 4.747043609619141, "loss_land_coords": 34.336544036865234, "loss_mask": 0.26633990556001663, "lr": 2.025008141691753e-06, "rank_data_time": 1.1156332999999847, "time": 2.8725975499999663, "total_loss": 55.76586959196534}
{"N_B_300W": 0.11451195274125735, "N_B_AFLW": 0.03931782833103409, "N_B_COFW": 0.11465677958975697, "N_B_WFLW": 0.16966527240863305, "data_time": 1.0744137500000193, "eta_seconds": 170326.32474000036, "iteration": 199, "loss_ce": 0.7812869250774384, "loss_ce_land": 10.196868896484375, "loss_dice": 4.648121356964111, "loss_land_coords": 6.570806980133057, "loss_mask": 0.2658899500966072, "lr": 4.014000334941922e-06, "rank_data_time": 1.0744137500000193, "time": 2.8234472000000324, "total_loss": 22.357464643363247}
{"N_B_300W": 0.10089520324464442, "N_B_AFLW": 0.037970330724770206, "N_B_COFW": 0.10462569107677451, "N_B_WFLW": 0.14175295291314088, "data_time": 1.0745913499999915, "eta_seconds": 168929.74381499944, "iteration": 299, "loss_ce": 0.31719914078712463, "loss_ce_land": 9.15455675125122, "loss_dice": 4.281096696853638, "loss_land_coords": 6.00649619102478, "loss_mask": 0.32963697612285614, "lr": 5.996995526049359e-06, "rank_data_time": 1.0745913499999915, "time": 2.7888234499999953, "total_loss": 20.2215058660572}
{"N_B_300W": 0.09241026171491051, "N_B_AFLW": 0.03754892868101947, "N_B_COFW": 0.10217443858286933, "N_B_WFLW": 0.12768201603749624, "data_time": 1.076923850000071, "eta_seconds": 167912.3375599992, "iteration": 399, "loss_ce": 0.19719363003969193, "loss_ce_land": 9.064836502075195, "loss_dice": 3.8321495056152344, "loss_land_coords": 5.569281339645386, "loss_mask": 0.34527213871479034, "lr": 7.973992207318105e-06, "rank_data_time": 1.076923850000071, "time": 2.7981515499998295, "total_loss": 19.22865545608704}
{"N_B_300W": 0.09241026171491051, "N_B_AFLW": 0.03754892868101947, "N_B_COFW": 0.10217443858286933, "N_B_WFLW": 0.12768201603749624, "data_time": 1.076923850000071, "eta_seconds": 167908.33421880187, "iteration": 400, "loss_ce": 0.20158051699399948, "loss_ce_land": 9.064836502075195, "loss_dice": 3.826500177383423, "loss_land_coords": 5.569281339645386, "loss_mask": 0.34527213871479034, "lr": 7.993731876545377e-06, "rank_data_time": 1.076923850000071, "time": 2.794581199999925, "total_loss": 19.22865545608704}
{"N_B_300W": 0.6533410050604141, "N_B_AFLW": 0.3064169584505872, "N_B_COFW": 0.8098071978198509, "N_B_WFLW": 0.6832036426614504, "data_time": 100.81051985, "iteration": 0, "loss_ce": 2.3444589376449585, "loss_ce_land": 20.184590339660645, "loss_dice": 4.771576404571533, "loss_land_coords": 48.93772315979004, "loss_mask": 4.361687183380127, "lr": 5.0000000000000004e-08, "rank_data_time": 100.81051985, "total_loss": 81.85177195139647}
{"N_B_300W": 0.6533370849362903, "N_B_AFLW": 0.30642353460217364, "N_B_COFW": 0.8098186682191696, "N_B_WFLW": 0.6832036426614504, "data_time": 77.55959745, "iteration": 0, "loss_ce": 2.343704581260681, "loss_ce_land": 20.18459415435791, "loss_dice": 4.771548271179199, "loss_land_coords": 48.93753910064697, "loss_mask": 4.362325668334961, "lr": 5.0000000000000004e-08, "rank_data_time": 77.55959745, "total_loss": 81.85180857851368}
{"N_B_300W": 0.6533090641521367, "N_B_AFLW": 0.30641681034679347, "N_B_COFW": 0.8097961292195675, "N_B_WFLW": 0.6832036426614504, "data_time": 77.85699995, "iteration": 0, "loss_ce": 2.344001293182373, "loss_ce_land": 20.18447208404541, "loss_dice": 4.7715654373168945, "loss_land_coords": 48.937418937683105, "loss_mask": 4.362325191497803, "lr": 5.0000000000000004e-08, "rank_data_time": 77.85699995, "total_loss": 81.85135638588834}
{"N_B_300W": 0.6533405377685726, "N_B_AFLW": 0.3064245926410368, "N_B_COFW": 0.8097898056715753, "N_B_WFLW": 0.6832036426614504, "data_time": 53.002711950000005, "iteration": 0, "loss_ce": 2.344537377357483, "loss_ce_land": 20.184597969055176, "loss_dice": 4.771568536758423, "loss_land_coords": 48.93733787536621, "loss_mask": 4.361588478088379, "lr": 5.0000000000000004e-08, "rank_data_time": 53.002711950000005, "total_loss": 81.85172535393889}
